id,name,model_id:id,group_id:id,perm_read,perm_write,perm_create,perm_unlink
access_s_ecommerce_product_carousel_data,ecommerce.product.carousel.data,model_ecommerce_product_carousel_data,sales_team.group_sale_manager,1,1,1,0
access_s_website_filter_ept,website.filter.ept,model_website_filter_ept,sales_team.group_sale_manager,1,1,1,0
access_s_filter_ept,filter.ept,model_filter_ept,sales_team.group_sale_manager,1,1,1,0
access_ecommerce_product_carousel_data,ecommerce.product.carousel.data,model_ecommerce_product_carousel_data,,1,1,1,0
access_website_filter_ept,website.filter.ept,model_website_filter_ept,,1,1,1,0
access_filter_ept,filter.ept,model_filter_ept,,1,1,1,0